Date,Day Off
01/01/2026,Ngày lễ
03/01/2026,Ngày nghỉ hàng tuần
04/01/2026,Ngày nghỉ hàng tuần
10/01/2026,Ngày nghỉ hàng tuần
11/01/2026,Ngày nghỉ hàng tuần
17/01/2026,Ngày nghỉ hàng tuần
18/01/2026,Ngày nghỉ hàng tuần
24/01/2026,Ngày nghỉ hàng tuần
25/01/2026,Ngày nghỉ hàng tuần
31/01/2026,Ngày nghỉ hàng tuần
01/02/2026,Ngày nghỉ hàng tuần
07/02/2026,Ngày nghỉ hàng tuần
08/02/2026,Ngày nghỉ hàng tuần
14/02/2026,Ngày nghỉ hàng tuần
15/02/2026,Ngày nghỉ hàng tuần
16/02/2026,Ngày lễ
17/02/2026,Ngày lễ
18/02/2026,Ngày lễ
19/02/2026,Ngày lễ
20/02/2026,Ngày lễ
21/02/2026,Ngày lễ
22/02/2026,Ngày nghỉ hàng tuần
28/02/2026,Ngày nghỉ hàng tuần
01/03/2026,Ngày nghỉ hàng tuần
02/03/2026,Ngày lễ
07/03/2026,Ngày nghỉ hàng tuần
08/03/2026,Ngày nghỉ hàng tuần
14/03/2026,Ngày nghỉ hàng tuần
15/03/2026,Ngày nghỉ hàng tuần
21/03/2026,Ngày nghỉ hàng tuần
22/03/2026,Ngày nghỉ hàng tuần
28/03/2026,Ngày nghỉ hàng tuần
29/03/2026,Ngày nghỉ hàng tuần
04/04/2026,Ngày nghỉ hàng tuần
05/04/2026,Ngày nghỉ hàng tuần
11/04/2026,Ngày nghỉ hàng tuần
12/04/2026,Ngày nghỉ hàng tuần
18/04/2026,Ngày nghỉ hàng tuần
19/04/2026,Ngày nghỉ hàng tuần
25/04/2026,Ngày nghỉ hàng tuần
26/04/2026,Ngày nghỉ hàng tuần
30/04/2026,Ngày lễ
01/05/2026,Ngày lễ
02/05/2026,Ngày nghỉ hàng tuần
03/05/2026,Ngày nghỉ hàng tuần
09/05/2026,Ngày nghỉ hàng tuần
10/05/2026,Ngày nghỉ hàng tuần
16/05/2026,Ngày nghỉ hàng tuần
17/05/2026,Ngày nghỉ hàng tuần
23/05/2026,Ngày nghỉ hàng tuần
24/05/2026,Ngày nghỉ hàng tuần
30/05/2026,Ngày nghỉ hàng tuần
31/05/2026,Ngày nghỉ hàng tuần
06/06/2026,Ngày nghỉ hàng tuần
07/06/2026,Ngày nghỉ hàng tuần
13/06/2026,Ngày nghỉ hàng tuần
14/06/2026,Ngày nghỉ hàng tuần
20/06/2026,Ngày nghỉ hàng tuần
21/06/2026,Ngày nghỉ hàng tuần
27/06/2026,Ngày nghỉ hàng tuần
28/06/2026,Ngày nghỉ hàng tuần
04/07/2026,Ngày nghỉ hàng tuần
05/07/2026,Ngày nghỉ hàng tuần
11/07/2026,Ngày nghỉ hàng tuần
12/07/2026,Ngày nghỉ hàng tuần
18/07/2026,Ngày nghỉ hàng tuần
19/07/2026,Ngày nghỉ hàng tuần
25/07/2026,Ngày nghỉ hàng tuần
26/07/2026,Ngày nghỉ hàng tuần
01/08/2026,Ngày nghỉ hàng tuần
02/08/2026,Ngày nghỉ hàng tuần
08/08/2026,Ngày nghỉ hàng tuần
09/08/2026,Ngày nghỉ hàng tuần
15/08/2026,Ngày nghỉ hàng tuần
16/08/2026,Ngày nghỉ hàng tuần
22/08/2026,Ngày nghỉ hàng tuần
23/08/2026,Ngày nghỉ hàng tuần
29/08/2026,Ngày nghỉ hàng tuần
30/08/2026,Ngày nghỉ hàng tuần
02/09/2026,Ngày lễ
03/09/2026,Ngày lễ
05/09/2026,Ngày nghỉ hàng tuần
06/09/2026,Ngày nghỉ hàng tuần
12/09/2026,Ngày nghỉ hàng tuần
13/09/2026,Ngày nghỉ hàng tuần
19/09/2026,Ngày nghỉ hàng tuần
20/09/2026,Ngày nghỉ hàng tuần
26/09/2026,Ngày nghỉ hàng tuần
27/09/2026,Ngày nghỉ hàng tuần
03/10/2026,Ngày nghỉ hàng tuần
04/10/2026,Ngày nghỉ hàng tuần
10/10/2026,Ngày nghỉ hàng tuần
11/10/2026,Ngày nghỉ hàng tuần
17/10/2026,Ngày nghỉ hàng tuần
18/10/2026,Ngày nghỉ hàng tuần
24/10/2026,Ngày nghỉ hàng tuần
25/10/2026,Ngày nghỉ hàng tuần
31/10/2026,Ngày nghỉ hàng tuần
01/11/2026,Ngày nghỉ hàng tuần
07/11/2026,Ngày nghỉ hàng tuần
08/11/2026,Ngày nghỉ hàng tuần
14/11/2026,Ngày nghỉ hàng tuần
15/11/2026,Ngày nghỉ hàng tuần
21/11/2026,Ngày nghỉ hàng tuần
22/11/2026,Ngày nghỉ hàng tuần
28/11/2026,Ngày nghỉ hàng tuần
29/11/2026,Ngày nghỉ hàng tuần
05/12/2026,Ngày nghỉ hàng tuần
06/12/2026,Ngày nghỉ hàng tuần
12/12/2026,Ngày nghỉ hàng tuần
13/12/2026,Ngày nghỉ hàng tuần
19/12/2026,Ngày nghỉ hàng tuần
20/12/2026,Ngày nghỉ hàng tuần
25/12/2026,Ngày lễ
26/12/2026,Ngày nghỉ hàng tuần
27/12/2026,Ngày nghỉ hàng tuần
